<?xml version='1.0' encoding='UTF-8'?><!-- Published by JAX-WS RI (http://jax-ws.java.net). RI's version is Metro/2.3.2-b608 (trunk-7979; 2015-01-21T12:50:19+0000) JAXWS-RI/2.2.11-b150120.1832 JAXWS-API/2.2.12 JAXB-RI/2.2.12-b141219.1637 JAXB-API/2.2.13-b141020.1521 svn-revision#unknown. --><!-- Generated by JAX-WS RI (http://jax-ws.java.net). RI's version is Metro/2.3.2-b608 (trunk-7979; 2015-01-21T12:50:19+0000) JAXWS-RI/2.2.11-b150120.1832 JAXWS-API/2.2.12 JAXB-RI/2.2.12-b141219.1637 JAXB-API/2.2.13-b141020.1521 svn-revision#unknown. --><definitions xmlns:wsu="http://docs.oasis-open.org/wss/2004/01/oasis-200401-wss-wssecurity-utility-1.0.xsd" xmlns:wsp="http://www.w3.org/ns/ws-policy" xmlns:wsp1_2="http://schemas.xmlsoap.org/ws/2004/09/policy" xmlns:wsam="http://www.w3.org/2007/05/addressing/metadata" xmlns:soap="http://schemas.xmlsoap.org/wsdl/soap/" xmlns:tns="http://Eshan/" xmlns:xsd="http://www.w3.org/2001/XMLSchema" xmlns="http://schemas.xmlsoap.org/wsdl/" targetNamespace="http://Eshan/" name="PostUser" xmlns:tcp="http://java.sun.com/xml/ns/wsit/2006/09/policy/transport/client" xmlns:fi="http://java.sun.com/xml/ns/wsit/2006/09/policy/encoding/client">
<types>
<xsd:schema>
<xsd:import namespace="http://Eshan/" schemaLocation="http://localhost:8087/wssandi/PostUser?xsd=1"/>
</xsd:schema>
</types>
<message name="postUser">
<part name="parameters" element="tns:postUser"/>
</message>
<message name="postUserResponse">
<part name="parameters" element="tns:postUserResponse"/>
</message>
<portType name="PostUser">
<operation name="postUser">
<input wsam:Action="http://Eshan/PostUser/postUserRequest" message="tns:postUser"/>
<output wsam:Action="http://Eshan/PostUser/postUserResponse" message="tns:postUserResponse"/>
</operation>
</portType>
<binding name="PostUserPortBinding" type="tns:PostUser">
    <wsp:PolicyReference URI="#PostUserPortBindingPolicy"/>
    <soap:binding transport="http://schemas.xmlsoap.org/soap/http" style="document"/>
<operation name="postUser">
<soap:operation soapAction=""/>
<input>
<soap:body use="literal"/>
</input>
<output>
<soap:body use="literal"/>
</output>
</operation>
</binding>
<service name="PostUser">
<port name="PostUserPort" binding="tns:PostUserPortBinding">
<soap:address location="http://localhost:8087/wssandi/PostUser"/>
</port>
</service>
    <wsp:Policy wsu:Id="PostUserPortBindingPolicy">
        <wsp:ExactlyOne>
            <wsp:All>
                <tcp:AutomaticallySelectOptimalTransport/>
                <fi:AutomaticallySelectOptimalEncoding/>
            </wsp:All>
        </wsp:ExactlyOne>
    </wsp:Policy>
</definitions>